,id,text,created_at,retweet_count,favorite_count,source,user_id,user_screen_name,user_name,user_created_at,user_description,user_followers_count,user_friends_count,user_location
0,808693785714491393,"RT @YesIamSaffron: ‡§è‡§ï‡•ç‡§∏‡§ø‡§∏‡§¨‡•à‡§Ç‡§ï ‡§ò‡•ã‡§ü‡§æ‡§≤‡•á ‡§Æ‡•á‡§Ç ‡§µ‡§π‡•Ä ‡§ú‡§æ‡§≤‡•Ä ‡§ï‡§Ç‡§™‡§®‡•Ä ‡§∂‡§æ‡§Æ‡§ø‡§≤ ‡§π‡•à ‡§ú‡•ã@ArvindKejriwal ‡§ï‡•ã ‡§∞‡§æ‡§§‡§ï‡•á ‡§Ö‡§Å‡§ß‡•á‡§∞‡•á ‡§Æ‡•á‡§Ç 2-2Cr ‡§ö‡§®‡•ç‡§¶‡§æ ‡§¶‡•á‡§ú‡§æ‡§§‡•Ä‡§•‡•Ä @PMOIndia
https‚Ä¶",2016-12-13 15:23:17,315,0,Twitter for Android,36711007,surasosh,‡§Æ‡•á‡§∞‡§æ ‡§≠‡§æ‡§∞‡§§ ‡§Æ‡§π‡§æ‡§®,2009-04-30 16:56:08,"‡§Æ‡•à‡§Ç ‡§ï‡§ü‡•ç‡§ü‡§∞ ‡§π‡§ø‡§Ç‡§¶‡•Ç ‡§π‡•Ç‡§Å, ‡§≠‡§æ‡§∞‡§§ ‡§Æ‡§æ‡§Å ‡§ï‡§æ ‡§¨‡•á‡§ü‡§æ ‡§π‡•Ç‡§Å‡•§",849,1184,‡§≠‡§æ‡§∞‡§§
1,808693754370658307,RT @vj2infotech: @DrGPradhan @IndianExpress Sir pls check ds Video taxi driver from north east view on Demonetization and Modi Ji https://t‚Ä¶,2016-12-13 15:23:10,64,0,Twitter for iPhone,446175979,shweta_ohri,Shweta Ohri,2011-12-25 11:37:37,"Nation lover, RTs are not endorsements",489,247,
2,808693746640392194,#Haryana @kiranchoudhry55 @ashokbuwaniwala #demonetization https://t.co/2K3uLbSo9z,2016-12-13 15:23:08,0,1,Twitter for iPhone,713389219708686337,bhiwanicongress,Bhiwani Congress,2016-03-25 15:36:58,Working for Haryana Pradesh Congress Committee,328,74,"Bhiwani, Haryana, India"
3,808693730945306626,Retail Inflation at 2 years low due to demonetization https://t.co/ehI9yQl0ia,2016-12-13 15:23:04,0,0,Indiacityblog,2575041702,IndiaCityBlog,India City Blog,2014-06-18 15:38:15,India City Blog is launched to cover the updates across all major cities in India.,39,172,Bangalore & Mumbai
4,808693714734419968,"RT @mahcongress: #CoalIndia Q2 profits crash from ‚Çπ2654 Cr to ‚Çπ600 Cr. Down 77.39%. (&amp; Q2 corresponds to pre-#demonetization period) 
https‚Ä¶",2016-12-13 15:23:01,2,0,Twitter for Android,155541275,arunoday84,Arun Gite,2010-06-14 12:25:28,,26,176,
5,808693515743940611,"RT @sailorsmoon: This 'joke' named demonetization fails, blame yourself, blame everyone around you, that guy had' one good intention, we al‚Ä¶",2016-12-13 15:22:13,14,0,Twitter for iPhone,711745901715324928,ttrumped,Sahi pakde hein,2016-03-21 02:47:01,you can very well go to hell,34,253,
6,808693511658668032,RT @sunandavashisht: Jagdish Bhagwati explains why he favors Demonetization https://t.co/gQiYy6IA13,2016-12-13 15:22:12,6,0,Twitter for iPhone,781738313954627584,Sardar_Modi,Sardar Narendra Modi,2016-09-30 06:11:52,Proud Indian. Proud Hindu.                        I believe NaMo will bring India's lost glory back and make it a Jagat Guru again. Vande Mataram üôè,27,347,India
7,808693463327739904,"#Demonetization was the boldest step @narendramodi took thus far
Rt. Lieutenant AJ the Trojan horse, finds it a God-sent to trounce NM with",2016-12-13 15:22:01,0,0,Twitter Web Client,2228035598,absrkr,AB,2013-12-03 09:46:31,"hehe...when I don't often endorse my own tweets, what of those re-tweets!",772,385,
8,808693456755445760,"RT @M_Lekhi: DAY9 of #cashless economy drive, people wholeheartedly supporting #Demonetisation #Demonetization &amp; wish to join #DigitalEcono‚Ä¶",2016-12-13 15:21:59,41,0,Twitter for Android,138323123,kanthaliya,R@#()L,2010-04-29 06:42:17,Chartered Accountant by profession. Indian by birth. Antinationals ki keh k lenge. Political guru- atalji .Proud bhakth. bhai rahuldumb-gandhi irritate me a lot,85,93,kaha se aaya mein hu kaun
9,808693452212797442,PM Modi refuses to honour elected #Parliament on #demonetization - https://t.co/qDItGTmDdt https://t.co/gUc3E90IqE,2016-12-13 15:21:58,0,0,TweetDeck,759284030999232512,shenshanji,shahji,2016-07-30 07:06:34,,6,3,
10,808693452003119104,PM Modi refuses to honour elected #Parliament on #demonetization - https://t.co/XkCuSpOIjP https://t.co/TVssr0J83I,2016-12-13 15:21:58,0,0,TweetDeck,749512627450179584,kyayesacchai,@KYAYESACHAI,2016-07-03 07:58:30,,10,4,
11,808693452003102720,PM Modi refuses to honour elected #Parliament on #demonetization - https://t.co/xGSe3rQUaW https://t.co/qSPitSBxUq,2016-12-13 15:21:58,0,0,TweetDeck,759038524876267524,unofficialTNW,Unofficial Times Now,2016-07-29 14:51:01,#unofficialTimesNow #Thenoisehour #wadapow #arnabkabaja,38,167,France
12,808693451994714112,PM Modi refuses to honour elected #Parliament on #demonetization - https://t.co/ejU6qiYCb4 https://t.co/tQwteNAlAn,2016-12-13 15:21:58,0,0,TweetDeck,761806722482733056,s_voter,Voter's Foe,2016-08-06 06:10:51,,5,3,
13,808693451994710016,PM Modi refuses to honour elected #Parliament on #demonetization - https://t.co/7rrEfi3nE8 https://t.co/v3ANPVOsGR,2016-12-13 15:21:58,0,0,TweetDeck,761806129508659204,smilimgauranzeb,Smiling Auranzeb,2016-08-06 06:08:29,,14,3,
14,808693451990519809,PM Modi refuses to honour elected #Parliament on #demonetization - https://t.co/0kEYI11uEr https://t.co/IbdO4XYPp2,2016-12-13 15:21:58,0,0,TweetDeck,776402056198270977,NainaTheEye,Naina,2016-09-15 12:47:29,,20,24,
15,808693451990519808,PM Modi refuses to honour elected #Parliament on #demonetization - https://t.co/f0PG3k2P1A https://t.co/Sb1AeEv7Uv,2016-12-13 15:21:58,0,0,TweetDeck,776008740122210308,rocks_kavya,Kavya,2016-09-14 10:44:36,,20,24,
16,808693451990499330,PM Modi refuses to honour elected #Parliament on #demonetization - https://t.co/V2cqtqYFQY https://t.co/pkwK0EGjZF,2016-12-13 15:21:58,0,0,TweetDeck,754411720077115392,Kejriwal_is_god,Jokes of Kejri,2016-07-16 20:25:45,,30,15,
17,808693451986386944,PM Modi refuses to honour elected #Parliament on #demonetization - https://t.co/yLSRMPy6tQ https://t.co/yGADmK832v,2016-12-13 15:21:58,0,0,TweetDeck,776397138104246272,ShipaCrystal,shilpa,2016-09-15 12:27:57,,8,24,
18,808693451986350081,PM Modi refuses to honour elected #Parliament on #demonetization - https://t.co/MRXQCQuisO https://t.co/1vfo95IutT,2016-12-13 15:21:58,0,0,TweetDeck,761804202821627905,the_black_train,The Black Train,2016-08-06 06:00:50,,8,3,
19,808693451986321408,PM Modi refuses to honour elected #Parliament on #demonetization - https://t.co/4Snbnsics2 https://t.co/sJUWrMbpWc,2016-12-13 15:21:58,0,0,TweetDeck,775993153337696256,PushaMalhotra,Pushpa Malhotra,2016-09-14 09:42:39,,13,24,
20,808693451982151680,PM Modi refuses to honour elected #Parliament on #demonetization - https://t.co/iAytWx8PP4 https://t.co/qKrkdXwOjp,2016-12-13 15:21:58,0,0,TweetDeck,776001993030508546,Garima_Si,Garima Singh,2016-09-14 10:17:47,,7,24,
21,808693451982147584,PM Modi refuses to honour elected #Parliament on #demonetization - https://t.co/rYeeQdFv39 https://t.co/MryDLZeEDZ,2016-12-13 15:21:58,0,0,TweetDeck,754413123218571264,mukeshsinghaap,mukeshsinghaap,2016-07-16 20:31:19,,18,28,
22,808693451982139392,PM Modi refuses to honour elected #Parliament on #demonetization - https://t.co/0UmpMEXVb0 https://t.co/DzsQvvVbXP,2016-12-13 15:21:58,0,0,TweetDeck,776007259520323588,JyotiRaider,Jyoti Panday,2016-09-14 10:38:42,,11,24,
23,808693451977986048,PM Modi refuses to honour elected #Parliament on #demonetization - https://t.co/f5kz9rnl6S https://t.co/baPk9d7hbR,2016-12-13 15:21:58,0,0,TweetDeck,767977865535184896,jumlanomic,Jumlanomics,2016-08-23 06:52:46,#Jumlanomics #Jumlanomicssensex :,12,24,
24,808693451977961472,PM Modi refuses to honour elected #Parliament on #demonetization - https://t.co/2wm2ZqTOYn https://t.co/H7P4ZH0hCt,2016-12-13 15:21:58,0,0,TweetDeck,776005455743062016,GitikaKaushal,Gitika Kaushal,2016-09-14 10:31:33,,4,24,
25,808693451977957381,PM Modi refuses to honour elected #Parliament on #demonetization - https://t.co/gc9t4lBUPS https://t.co/FzSuKWccWj,2016-12-13 15:21:58,0,0,TweetDeck,761806884382924800,iamcorrupt_R_U,"I'm Corrupt, R U?",2016-08-06 06:11:29,,4,3,
26,808693451977916416,PM Modi refuses to honour elected #Parliament on #demonetization - https://t.co/LGvI7dclCe https://t.co/3Db02lol55,2016-12-13 15:21:58,0,0,TweetDeck,749515310928105472,jagrukbharatIN,jagrukbharat,2016-07-03 08:09:10,,20,4,
27,808693451969556480,PM Modi refuses to honour elected #Parliament on #demonetization - https://t.co/sLzpCvbImY https://t.co/K3hWyhE5qg,2016-12-13 15:21:58,0,0,TweetDeck,760971132392599554,IraniKapda,IraniKapda,2016-08-03 22:50:30,,12,19,
28,808693451965407236,PM Modi refuses to honour elected #Parliament on #demonetization - https://t.co/KdmBUjPRlR https://t.co/MTjTnqvlSM,2016-12-13 15:21:58,0,0,TweetDeck,761810027829223424,GujaratTheModel,The Gujarat Model,2016-08-06 06:23:59,,3,3,
29,808693451826937856,PM Modi refuses to honour elected #Parliament on #demonetization - https://t.co/NYQQZ1LkBv https://t.co/3Cbvc3KkOO,2016-12-13 15:21:58,0,0,TweetDeck,775994226987245568,Aayesha9211,Aayesha,2016-09-14 09:46:55,,3,101,
30,808693451793395712,PM Modi refuses to honour elected #Parliament on #demonetization - https://t.co/WUEM2f4OG7 https://t.co/dbToyoI9Wr,2016-12-13 15:21:58,0,0,TweetDeck,761798375524098049,HawaKashipal,‡§π‡§µ‡§æ‡§¨‡§æ‡§ú‡§º ‡§ï‡§æ‡§∂‡•Ä‡§™‡§æ‡§≤,2016-08-06 05:37:41,,6,70,
31,808693451755700224,PM Modi refuses to honour elected #Parliament on #demonetization - https://t.co/UxYv7naEMY https://t.co/0sO568vkjS,2016-12-13 15:21:58,0,0,TweetDeck,761806575594049538,FoolishJudge,Foolish Judge,2016-08-06 06:10:16,,4,3,
32,808693451751440385,PM Modi refuses to honour elected #Parliament on #demonetization - https://t.co/yKajgO4Pig https://t.co/QtZkMjKg2u,2016-12-13 15:21:58,0,0,TweetDeck,761800209223458816,FrustrationMs,Ms Frustration,2016-08-06 05:44:58,So frustrated with so many fake promises.,6,73,
33,808693451747250177,PM Modi refuses to honour elected #Parliament on #demonetization - https://t.co/964JwgJbZ3 https://t.co/dTtfoJk4sT,2016-12-13 15:21:58,0,0,TweetDeck,761806393619931137,FixerHaseena,Fixer Haseena,2016-08-06 06:09:32,,5,3,
34,808693451738861568,PM Modi refuses to honour elected #Parliament on #demonetization - https://t.co/RCXsuVbikn https://t.co/684TTYsMfE,2016-12-13 15:21:58,0,0,TweetDeck,761808755273105408,Fall_ing_Sky,Falling Sky,2016-08-06 06:18:55,,5,3,
35,808693451734691840,PM Modi refuses to honour elected #Parliament on #demonetization - https://t.co/WI1FhTPAzZ https://t.co/OcFQCvel3f,2016-12-13 15:21:58,0,0,TweetDeck,761794715679207424,fenkubanarsi,‡§´‡•á‡§Ç‡§ï‡•Ç ‡§¨‡§®‡§æ‡§∞‡§∏‡•Ä,2016-08-06 05:23:08,"I am complete Fenku, I love to do Jumlabaazi.",23,223,India
36,808693451726258176,PM Modi refuses to honour elected #Parliament on #demonetization - https://t.co/Yr1Bfhghfv https://t.co/XGh8D01K4G,2016-12-13 15:21:58,0,0,TweetDeck,776401218377621504,EpicAashi,Aashi,2016-09-15 12:44:10,,3,3,
37,808693451705303041,PM Modi refuses to honour elected #Parliament on #demonetization - https://t.co/ekMLyW8isS https://t.co/JEO172jeqj,2016-12-13 15:21:58,0,0,TweetDeck,775999768107491328,Charu_Khannna,Charu,2016-09-14 10:08:57,,6,24,
38,808693451684356096,PM Modi refuses to honour elected #Parliament on #demonetization - https://t.co/FDkgaM3sGL https://t.co/hHHObj5XGi,2016-12-13 15:21:58,0,0,TweetDeck,776007983729815552,ChauhaPooja,Pooja Chauhan,2016-09-14 10:41:35,,6,24,
39,808693451680120832,PM Modi refuses to honour elected #Parliament on #demonetization - https://t.co/xAmzQHOib5 https://t.co/zP2LgH452z,2016-12-13 15:21:58,0,0,TweetDeck,776000692565573632,DeeyaDil,Deeya,2016-09-14 10:12:37,,3,24,
40,808693451675971584,PM Modi refuses to honour elected #Parliament on #demonetization - https://t.co/2VkUFb16kf https://t.co/lrh8dm3jPD,2016-12-13 15:21:58,0,0,TweetDeck,776400315092348930,dipika_dilli,Dipika,2016-09-15 12:40:35,,4,24,
41,808693451671773185,PM Modi refuses to honour elected #Parliament on #demonetization - https://t.co/NFcdpJjnA6 https://t.co/59g9aiycv3,2016-12-13 15:21:58,0,0,TweetDeck,776003574903869441,Ek_T_A,Ekta,2016-09-14 10:24:04,,4,24,
42,808693451650801664,PM Modi refuses to honour elected #Parliament on #demonetization - https://t.co/41qaRBYo9I https://t.co/40fyjtIzpD,2016-12-13 15:21:58,0,0,TweetDeck,775997877499813888,Bani_Shukla,Bani,2016-09-14 10:01:26,,3,3,
43,808693451646648320,PM Modi refuses to honour elected #Parliament on #demonetization - https://t.co/YJkL4fd6It https://t.co/v4H9fVM7xE,2016-12-13 15:21:58,0,0,TweetDeck,759023189955608576,bakwasbandkar01,Bakwas band kar,2016-07-29 13:50:05,#kaamkibaatkar #Mannkibaat nahi. #bakwasbandkar aur kaam karke dikha.,45,75,"Canas Urbano, USA"
44,808693451629809664,PM Modi refuses to honour elected #Parliament on #demonetization - https://t.co/hGsfBDD5Ke https://t.co/1hCGK0lOiV,2016-12-13 15:21:58,0,0,TweetDeck,776402958988681218,ArmorAnushka,Anushka,2016-09-15 12:51:05,,21,24,
45,808693451592085504,PM Modi refuses to honour elected #Parliament on #demonetization - https://t.co/0RtbmVEGNY https://t.co/i2xtaUnPt1,2016-12-13 15:21:58,0,0,TweetDeck,775996937925382144,Aakanksha_Indi,Aakanksha,2016-09-14 09:57:42,,8,24,
46,808693372885954561,RT @RNTata2000: The government‚Äôs bold implementation of the demonetization programme needs the nation‚Äôs support. https://t.co/tx1ZILSor8,2016-12-13 15:21:39,4981,0,Twitter for Android,2570823619,UNSURYAN,U N S MURTHY,2014-06-16 11:52:03,,105,54,
47,808693350786220032,"RT @imAbhishek_J: Demonetization ‡§ï‡§æ ‡§Ö‡§∏‡§∞ ‡§ï‡•á‡§ú‡§∞‡•Ä‡§µ‡§æ‡§≤ ‡§™‡•á ‡§ï‡•Å‡§õ ‡§ê‡§∏‡§æ ‡§π‡•Å‡§Ü ‡§π‡•à ‡§ó‡§º‡§æ‡§≤‡§ø‡§¨, ‡§¶‡§ø‡§Æ‡§æ‡§ó‡§º ‡§Æ‡•á‡§Ç ‡§π‡•Å‡§Ü ‡§ï‡•á‡§Æ‡§ø‡§ï‡§≤ ‡§≤‡•ã‡§ö‡§æ, ‡§á‡§≤‡§æ‡§ú‡§º ‡§ï‡•Å‡§õ ‡§¶‡§ø‡§ñ‡§§‡§æ ‡§®‡§π‡•Ä‡•§ https://t.co/3H‚Ä¶",2016-12-13 15:21:34,2,0,Twitter for Android,572554389,aman_singh79,‡§≠‡§ï‡•ç‡§§,2012-05-06 09:38:08,"‡§≠‡§ï‡•ç‡§§ ‡§§‡•ã ‡§¨‡§æ‡§¨‡§æ ‡§Æ‡§π‡§æ‡§ï‡§æ‡§≤ ‡§ï‡•á ‡§≠‡•Ä ‡§π‡•à ‡§π‡§Æ‡•§
#‡§®‡§Æ‡•ã_‡§®‡§Æ‡•ã ‡§§‡§® ‡§∏‡§Æ‡§∞‡•ç‡§™‡§ø‡§§ ‡§Æ‡§® ‡§∏‡§Æ‡§∞‡•ç‡§™‡§ø‡§§ ‡§Ö‡§¨ ‡§§‡•ã ‡§Ø‡•á ‡§ú‡•Ä‡§µ‡§® ‡§∏‡§Æ‡§∞‡•ç‡§™‡§ø‡§§ ‡§ó‡§∞‡•ç‡§µ ‡§π‡•à ‡§≠‡§ï‡•ç‡§§ ‡§π‡•ã‡§®‡•á ‡§™‡•á ‡§´‡§ø‡§∞ ‡§ö‡§æ‡§π‡•á ‡§µ‡•ã ‡§¨‡§æ‡§¨‡§æ ‡§Æ‡§π‡§æ‡§ï‡§æ‡§≤ ‡§π‡•ã ‡§Ø‡§æ ‡§Æ‡•ã‡§¶‡•Ä ‡§ú‡•Ä‡•§
‡§ú‡§Ø ‡§Æ‡§π‡§æ‡§ï‡§æ‡§≤ üôèüôè",448,56,India
48,808693266119938048,"RT @BalluGururaj: 35 days over after DEMONETIZATION most of BLACKIES happy that they WHITENED thru backdoors &amp; GAME OVER, but REAL GAME yet‚Ä¶",2016-12-13 15:21:14,3,0,Twitter for Windows,967659516,UmadeviUmeein,Umadevi,2012-11-24 09:09:53,"PROUD INDIAN WITH ZERO TOLERANCE FOR TRAITORS..MODI BHAKTH,RSS FAN AND HARDCORE SANGHI..MODI HATERS F***OFF",212,196,INDIA
49,808693235904188418,Thanks @bdutt for bringing in Prof. Bhagwati into demonetization narrative who refuted fallacious logic put forth by you and your friends.,2016-12-13 15:21:06,0,0,Mobile Web (M5),353754458,repubindia,Dr. Pradip,2011-08-12 15:50:05,"HARE KRISHNA. MD at CSC Capital (US) India. Scientist, Healthcare, Biotech, Startup Dream of a Powerful India. DRDO, U of Ut, TATA. Hob: Politics, Music,Sports",1824,4315,KOLKATA
50,808693175837523968,"RT @Pradesh18Hindi: ‡§ï‡§æ‡§≤‡§æ‡§ß‡§®: ‡§ú‡§Ø‡§™‡•Å‡§∞ ‡§Æ‡•á‡§Ç ‡§¨‡•à‡§Ç‡§ï ‡§™‡§∞ ‡§á‡§®‡§ï‡§Æ ‡§ü‡•à‡§ï‡•ç‡§∏ ‡§∞‡•á‡§°, 1.38 ‡§ï‡§∞‡•ã‡§°‡§º ‡§ï‡•á ‡§®‡§è ‡§®‡•ã‡§ü ‡§ú‡§¨‡•ç‡§§
https://t.co/NMeHpTwld8
Rs 64",2016-12-13 15:20:52,2,0,Twitter Web Client,1174982737,VkguptaGupta,Virendra Gupta,2013-02-13 11:21:30,"MA(PubAdm), LL.B.(Aca), LSG,IRPM",406,194,New Delhi
51,808693106002444288,"#Banks Receive Rs. 12.44 Lakh Crore Of Old, #InvalidNotes : #RBI
#Demonetization https://t.co/jF6kARNgUI",2016-12-13 15:20:35,0,0,Facebook,17428860,TimesHeadline1,The Times Headline,2008-11-16 22:18:14,"Independent, Investigative and Impartial.
News. Views. Opinion. Analysis. India‚Äôs fastest growing News Site.",1633,433,"New Delhi, India"
52,808693100461850627,"RT @imAbhishek_J: Demonetization ‡§ï‡§æ ‡§Ö‡§∏‡§∞ ‡§ï‡•á‡§ú‡§∞‡•Ä‡§µ‡§æ‡§≤ ‡§™‡•á ‡§ï‡•Å‡§õ ‡§ê‡§∏‡§æ ‡§π‡•Å‡§Ü ‡§π‡•à ‡§ó‡§º‡§æ‡§≤‡§ø‡§¨, ‡§¶‡§ø‡§Æ‡§æ‡§ó‡§º ‡§Æ‡•á‡§Ç ‡§π‡•Å‡§Ü ‡§ï‡•á‡§Æ‡§ø‡§ï‡§≤ ‡§≤‡•ã‡§ö‡§æ, ‡§á‡§≤‡§æ‡§ú‡§º ‡§ï‡•Å‡§õ ‡§¶‡§ø‡§ñ‡§§‡§æ ‡§®‡§π‡•Ä‡•§ https://t.co/3H‚Ä¶",2016-12-13 15:20:34,2,0,Twitter for Android,162784593,harshkkapoor,Harsh K. Kapoor,2010-07-04 17:32:35,"Pro-Value Based Systems 
Staunch Supporter of #NaMo
Blessed to be followed by @vijay_sampla ji
RT's are not endorsements",2865,302,India 
53,808693016936337410,@narendramodi the demonetization chemotherapy doctor with the perfect strike https://t.co/1U077EKSG1,2016-12-13 15:20:14,0,0,Twitter for Android,784683079218655236,asifiqbalieto,Asif Iqbal,2016-10-08 09:13:19,"Indian Economic Trade Organization (IETO) is a non ‚Äì government organization, imbibing a proactive role in India‚Äôs Economic and Trade processes.",26,103,"Bengaluru, India"
54,808692983981862914,#Demonetization - The reality check letter for our #PM. #CurrencyBan #Patriots #Modi  https://t.co/JLyBGy7SOw via,2016-12-13 15:20:06,0,0,Twitter for Android,1536286315,_itsaakash,Yash sharma,2013-06-21 10:57:14,Big filmholic... Dreamer and believer too! with one true love i.e. @VICE . HUMAN by RELIGION and going to be JOURNALIST by profession ;),125,115,"New Delhi, India"
55,808692976352231424,"Demonetization ‡§ï‡§æ ‡§Ö‡§∏‡§∞ ‡§ï‡•á‡§ú‡§∞‡•Ä‡§µ‡§æ‡§≤ ‡§™‡•á ‡§ï‡•Å‡§õ ‡§ê‡§∏‡§æ ‡§π‡•Å‡§Ü ‡§π‡•à ‡§ó‡§º‡§æ‡§≤‡§ø‡§¨, ‡§¶‡§ø‡§Æ‡§æ‡§ó‡§º ‡§Æ‡•á‡§Ç ‡§π‡•Å‡§Ü ‡§ï‡•á‡§Æ‡§ø‡§ï‡§≤ ‡§≤‡•ã‡§ö‡§æ, ‡§á‡§≤‡§æ‡§ú‡§º ‡§ï‡•Å‡§õ ‡§¶‡§ø‡§ñ‡§§‡§æ ‡§®‡§π‡•Ä‡•§ https://t.co/3HIikOOwxq",2016-12-13 15:20:05,2,2,Twitter for Android,103664840,imAbhishek_J,G‡§¨‡§∞‡•Ç üáÆüá≥,2010-01-10 20:58:10,"Modi Supporter | Interested in Politics, Cricket, Movies | Delhite but didn't vote for kejriwalüòÇ| RTs are not endorsements | Tweets are in likes |",3107,176,delhi
56,808692928822517760,RT @manishkbaid: Too much noise to vilify all bankers. Fact is demonetization created money launderers everywhere - some Jan Dhan holders t‚Ä¶,2016-12-13 15:19:53,2,0,Twitter for Android,770830428370505728,NagaGoudIyc,Naga,2016-08-31 03:47:50,Naga,77,163,"Khammam, India"
57,808692907834306560,"@JayasreeVijayan @ShashiTharoor @Arab_News If u r hungry, KHUJLIWAL is serving lungar to appease his poor voters. H‚Ä¶ https://t.co/EcSk8JvWKQ",2016-12-13 15:19:48,0,0,Twitter for iPhone,798915989731688448,BlueSky96110619,BlueSky,2016-11-16 15:49:49,Got sucked into politics. Staunch supporter of Modi ji. Programmer by profession and an Artist & musician by hobby! Share dream of swacch bharat with Mr.PM.,13,61,
58,808692897675505664,"RT @ZubinaAhmad: Jan Dhan Yojna
Yoga Day
Swach Bharat Abhiyan
Surgical Strike
All above were opposed 
Do you expect they will support Demon‚Ä¶",2016-12-13 15:19:46,118,0,Twitter for Android,412439419,hejibraghavendr,raghavendra,2011-11-14 17:54:39,,71,260,
59,808692730809315328,"#CoalIndia Q2 profits crash from ‚Çπ2654 Cr to ‚Çπ600 Cr. Down 77.39%. (&amp; Q2 corresponds to pre-#demonetization period) 
https://t.co/Y8kSdxNG2A",2016-12-13 15:19:06,2,3,Twitter for Android,1372184863,mahcongress,Maharashtra Congress,2013-04-22 13:43:31,The official Twitter handle of Maharashtra Pradesh Congress Committee,22116,416,Maharashtra
60,808692710328582144,RT @Haribhaip: Demonetisation to create jobs &amp; make loans cheaper for MSME sector https://t.co/NDFJAeEutd,2016-12-13 15:19:01,5,0,Twitter for Android,3222211622,Hemang_999,Hemang Thakur,2015-05-21 11:16:51,19 yr old l North Indian l From Himalayas l (To Be) Engineer l And now an SRMite. A budding entrepreneur with great ideas and an even greater ambition.,113,58,"Tamil Nadu, India"
61,808692700295741440,RT @rammadhavbjp: Copycat Currency: Venezuela Follows India into National Demonetization https://t.co/je7Fs44cA5 via @Cointelegraph,2016-12-13 15:18:59,76,0,Twitter Web Client,66128443,INDSPIRIT,INDIASPIRITUALITY,2009-08-16 15:04:56,|| ‡§π‡§∞‡§ø ‡•ê || SƒÅdhaka. Advaita VedƒÅntin. Blogging on sanƒÅtana dharma. Inspirational quotes by Saints. Proud Hindu (Nationalist) || ‡§§‡§®‡•ç‡§®‡•ã ‡§π‡§Ç‡§∏ ‡§™‡•ç‡§∞‡§ö‡•ã‡§¶‡§Ø‡§æ‡§§‡•ç ||,1875,169,"Mumbai, India"
62,808692628036448257,"RT @sailorsmoon: This 'joke' named demonetization fails, blame yourself, blame everyone around you, that guy had' one good intention, we al‚Ä¶",2016-12-13 15:18:41,14,0,Twitter for Android,51635729,balamy,Maya S,2009-06-28 03:13:02,RTs are plenty but not necessarily endorsements.,13618,1613,
63,808692610260996096,"RT @OGL_baba: Effect #demonetization
Retail inflation eased 2multi-year low at3.63% in Nov
‡§Æ‡§π‡§ó‡§æ‡§à ‡§¶‡§∞ ‡§™‡§ø‡§õ‡§≤‡•á 2‡§∏‡§æ‡§≤ ‡§ï‡•á ‡§®‡•ç‡§Ø‡•Ç‡§®‡§§‡§Æ https://t.co/ksmx‚Ä¶",2016-12-13 15:18:37,1,0,Twitter for Windows Phone,727534589468532736,vision_ogl,The Third Way,2016-05-03 16:25:37,Nation first -my vision - license mukta bharat - SABKA SAATH SABKA VIKAAS  jai hind,54,116,
64,808692582150651904,"@RanaAyyub bibiji, #demonetization has forcd to skip #payDay? #Aleppo tweets sans #SaudiBashing is hypocrisy at best, dont u thnk?",2016-12-13 15:18:31,0,0,Twitter Web Client,746700902392696832,shoppingCarton,agyaan,2016-06-25 13:45:42,Not here to find ppl i know. Whats d point? I have found thm alrdy :-|,8,34,"Mumbai, India"
65,808692443004669952,"Demonetization was done to stop terrorist fundng,fake currency &amp; black money
So what have changed in d past 35 days, can any one tell me?",2016-12-13 15:17:57,0,0,Twitter Web Client,807881017021214720,thisisdaring,Dare to Follow,2016-12-11 09:33:38,,8,26,India
66,808692442186665985,"RT @sailorsmoon: This 'joke' named demonetization fails, blame yourself, blame everyone around you, that guy had' one good intention, we al‚Ä¶",2016-12-13 15:17:57,14,0,Twitter for Android,2283963116,bithika11,bithika,2014-01-09 18:38:36,"Doctor. Omnivorous reader. Like current affairs, music, travelling. Always interested in learning about something new.",2869,1476,
67,808692338658832387,Parts of India continue to bear the brunt of poorly planned demonetization https://t.co/IVOr4FLhFZ,2016-12-13 15:17:32,0,0,Twitter for Android,92184687,RNShukul,Rashid Narain Shukul,2009-11-24 02:57:28,,422,242,
68,808692315372056576,RT @prashanthbn: Hmm. Some farmers can start buying flats in China #demonetization üòÅüòÅ ==&gt; https://t.co/ertExi2lQN,2016-12-13 15:17:27,1,0,Twitter for Android,322005131,DSGiri,D.S.Giri,2011-06-22 13:55:18,Pure Bhartiye/Fighter Hindu/Lord Rama's devotee/Straight forward/Gutsy/Prolific blogger/Avid traveller/Full time Swayamsevak.,6156,493,New Delhi/Port Louis  
69,808692291250556928,"ICICI Home Finance sale shelved as demonetisation dims real ...
Change in market conditions, https://t.co/74zzvL9ZWK https://t.co/XuZRoEV7fo",2016-12-13 15:17:21,0,0,Fan Page Robot,800867332889321472,ffmgifinance,FFMGI,2016-11-22 01:03:46,FFMGI is your source for up to date financial information,5445,156,
70,808692273697456129,"RT @Atheist_Ind: The most uncomfortable question regarding the whole demonetization saga may be, there wasn't that much black in cash anywa‚Ä¶",2016-12-13 15:17:17,1,0,Twitter for Android,776432283238543360,indieanarch,Nano Chip Faqeer,2016-09-15 14:47:36,"Atheist, dumbass, serial offender, Tool, King Crimson, Jesu, Noam Chomsky, Massive Attack, Porcupine Tree fan",166,309,Bucketheadland
71,808692258782330880,"Demonetization: Naidu says PM Modi will be present in Parliament, slams MMS and Chidambaram:‚Ä¶ https://t.co/WAwPzmH0KX #til_now #news #DNA",2016-12-13 15:17:13,0,0,dlvr.it,101154794,news_in,Top News,2010-01-02 06:20:35,No. 1 Source of Worldwide Top News live on Twitter,1748,0,null
72,808692248728649729,Demonetization: Morgan Stanley has some good news for Indian economy  https://t.co/4altqE0C2I via @dna,2016-12-13 15:17:11,0,0,Twitter Web Client,140551936,srividya_s_iyer,Srividya S,2010-05-05 20:04:36,"Ex CSIR-JRF, shares useful & interesting news",76,273,Logic land
73,808692240214347776,RT @TheHuzayfa: #BJP Ask Support From Us For Own #Demonetization What A Advertising For Own Gain &amp; There's Option 4 Change Your DP To Suppo‚Ä¶,2016-12-13 15:17:09,3,0,Twitter for Android,300681084,inti_i,INC Trender,2011-05-18 05:27:29,"MKTG Pro 15+ yrs in Service+Laid OFF Due to Modinomics, 
Azal se bas gayee hai sar-balandi apni fitrat mein, hamein toot jaana aata hai sar jhukana nahi aata",5274,1709,"New Delhi, Delhi"
74,808692232094150657,RT @ganeshravuri: Good to see #Dhruva holding pretty well despite d cash crunch.Power of contentüëçCud‚Äôve done way better if not for demoneti‚Ä¶,2016-12-13 15:17:07,141,0,Twitter for Android,804068197800480768,RSubraveti,Ravikiran Subraveti,2016-11-30 21:02:52,"medico ,proud fan of maheshbabu,nagarjuna,ysr,jagan n sehwag.foodieüçùüçï.chocoholicüç´.love to b live with selective ppl..SRüòöüòç",19,285,Kyrgyzstan
75,808692231896895488,"RT @upma62: From ""Manmohan"" to ""Manmohan Singh Ji"".... from ""face of corruption"" to honest-economist-who-spoke-against-demonetization.... A‚Ä¶",2016-12-13 15:17:07,58,0,Twitter for Android,3240683439,abhaymishra09,abhay kristne mishra,2015-05-07 16:54:28,,111,268,
76,808692210136850432,SC frames 9 questions to help decide if demonetization is unconstitutional or not https://t.co/5kqCBrvfVN via @dna @dna,2016-12-13 15:17:02,0,0,Twitter Web Client,140551936,srividya_s_iyer,Srividya S,2010-05-05 20:04:36,"Ex CSIR-JRF, shares useful & interesting news",76,273,Logic land
77,808692188460634113,‡∞é‡∞®‡±ç‡∞®‡∞æ‡∞≥‡±ç‡∞≤‡±Ä ‡∞®‡∞ó‡∞¶‡±Å ‡∞ï‡∞∑‡±ç‡∞ü‡∞æ‡∞≤‡±Å... https://t.co/gOIFmFn3Es,2016-12-13 15:16:57,0,0,10TV_Twt_Automate,753616189,thetentv,10TV,2012-08-12 19:04:20,An alternative News Media where News is People,3362,30,"Hyderabad, Andhra Pradesh"
78,808692179862327297,"@IndiaToday INDIAFACING PROB FOR DEMONETIZATION &amp; EACHDAY OPPOS SUCKING BLOOD OF PM, OPPO PARTY LDRS CAUGHT IN STING CONVERTING BLACK MONEY.",2016-12-13 15:16:55,0,0,Twitter for Android,3242409536,pronabchaky,independent,2015-06-11 15:08:21,,16,24,India
79,808692119527444480,Nothing matters to Jagdish Bhagwati. Not 2002. Not demonetization. Not poor dying. Not disastrous planning. He loves Modi. Trump also????,2016-12-13 15:16:40,0,0,Twitter for iPhone,32759990,prash_realtruth,Prashant Panday,2009-04-18 03:22:13,Liberal/secular. Follower of market driven economics (caveat: the poor need our help/empathy). Believe in free speech. Live and let live. No trolling please,2314,398,Mumbai
80,808692000337707008,"RT @MeetUunngLee: ""Lekin main meetha nahi khaata, off sweets!""
""Khaa madarchod"" *Stuffs laddoo in the mouth* 
""HAR HAR MODI! JAI DEMONETIZA‚Ä¶",2016-12-13 15:16:12,2,0,Twitter for Android,518352609,ConfuseSperm,‡•ô‡§æ‡§®‡§æ‡§¨‡§¶‡•ã‡§∂ !!,2012-03-08 09:50:11,"Just Another Straggler, A Wanky Soul, ‡§™‡§∞ ‡§§‡§≤‡§æ‡§∂ ‡§ñ‡•Å‡§¶ ‡§ï‡•Ä ‡§Ö‡§≠‡•Ä ‡§ú‡§æ‡§∞‡•Ä ‡§π‡•à.... ‡•ô‡§æ‡§®‡§æ‡§¨‡§¶‡•ã‡§∂ !!",2322,87,"Greater Noida, India"
81,808691996604841985,@indiantweeter How do you pronounce Demonetization written in reverse?,2016-12-13 15:16:11,0,0,Twitter for Android,2954853655,ShootinThoughts,Thought Gun,2015-01-01 13:02:10,Flying with a right wing coz the left one blew...,5568,448,
82,808691598380789760,RT @Vineeth_Nambi: Apudu Telangana tough time lo Thoofan release chesadu n ipudu demonetization time lo #Dhruva release chesadu Dhammunna h‚Ä¶,2016-12-13 15:14:36,36,0,Twitter for Android,764889901808488448,vamsikr05977094,T.vamsikrishna,2016-08-14 18:22:18,Entertainment,32,216,
83,808691591749763072,"RT @diyavardhan: Now after the demonetization they are put in to the inconvenience of reformatting their logistics.
#CongressNewDrama",2016-12-13 15:14:34,9,0,Twitter for Android,807571875744333824,Itsabhime,Abhishek,2016-12-10 13:05:13,,27,24,
84,808691587458834432,Bar owners have boycotted #cashless transactions as the customers have not been able to recall the PIN number after drinks.üòú #demonetization,2016-12-13 15:14:33,0,0,Twitter for Android,3289463071,gauravdedhia2,Gaurav Dedhia,2015-07-24 05:28:10,,229,126,
85,808691516797390848,"RT @sailorsmoon: This 'joke' named demonetization fails, blame yourself, blame everyone around you, that guy had' one good intention, we al‚Ä¶",2016-12-13 15:14:17,14,0,Twitter for Android,139444923,sailorsmoon,Mohit,2010-05-02 16:46:36,"Marine vagabond, dweller of fathoms depth,  pursuer of the rationale horizon... I believe in mermaids..",7466,512,pacific 
86,808691388325892096,"2nd survey (n=8526) showing ‚Üì support for #demonetization:   https://t.co/sbz8quG8gp

1st via @CvoterIndia (n=1212): https://t.co/dhev0qYIx5",2016-12-13 15:13:46,0,0,TweetDeck,970606130,khoslasaksham,Saksham Khosla,2012-11-25 19:10:14,"government+prose | Research Analyst @CarnegieIndia | previously @CarnegieEndow, @OberlinCollege",596,1098,"New Delhi, India"
87,808691303366045696,RT @DrSunilSingheye: Debating on #demonetization on @ZeeBusiness earlier this evening at 8:30 pm on #BigStoryBigDebate https://t.co/siF8Cf3‚Ä¶,2016-12-13 15:13:26,2,0,Twitter for Android,3187347194,6e0da8496a2843f,Jayawant Pawar,2015-05-07 05:44:08,,5,110,
88,808691280758841349,"RT @ChetanMahajan: #WhatNext
Crackdown on #Benami #Properties
Periodic #Demonetization
Declaration of #Gold
#Digitization of #currency
http‚Ä¶",2016-12-13 15:13:20,1,0,Twitter for iPhone,111673246,imrahulrai,Rahul Rai,2010-02-05 19:27:18,,129,102,
89,808691107584507905,@Abhijit51299123 @kanimozhi I am not in any illusion. Rather I am just hopeful and positive about Demonetization outcome.,2016-12-13 15:12:39,0,0,Twitter for iPhone,864089690,dhar2250,Think +ve,2012-10-06 03:49:44,Unfortunately finding myself more negative after looking at thugs in politics & journalism.,304,164,"Pennsylvania, USA"
90,808691099975847936,RT @BollywoodQnA: #DANGALCountdownBegins Despite this  demonetization the most awaited Dangal's opening day collection would be __Cr?,2016-12-13 15:12:37,15,0,Twitter for Android,4079898318,HumorousNishant,Dangal 23 Dec,2015-10-31 13:14:31,"@aamir_khan is INSPIRATION. @AnushkaSharma is LOVE. Rest, I don't give a FUCK!",1541,442,"New Delhi, India"
91,808690967393943552,@PTI_News These are the kind of vague statements expected from bjp. Full or rather less of detail. Tbats the way they framed #DeMonetization,2016-12-13 15:12:06,0,0,Twitter for Windows Phone,17804804,karunasanghvi,karuna sanghvi,2008-12-02 10:33:44,learner; political analyst; political scientist; elearning expert; instructional designer; self employed,347,305,India
92,808690897722503168,RT @SilverGold_News: India‚Äôs ‚ÄúWar on Cash‚Äù: The Demonetization Blitzkrieg. The ‚ÄúIce Nine‚Äù Solution - https://t.co/51Rq8MNOwl via @grtvnews,2016-12-13 15:11:49,4,0,Twitter for iPhone,3178921444,ARGoldLtd,ARGold,2015-04-18 07:15:54,ARGold is a Gold Producer and Investments company focusing on high grade smaller ore bodies mainly in Africa.,325,690,"Vancouver, BVI, Mauritius"
93,808690887391780864,RT @sunandavashisht: Jagdish Bhagwati explains why he favors Demonetization https://t.co/gQiYy6IA13,2016-12-13 15:11:46,6,0,Twitter for Android,48686617,SSP79,Siba Soumendra,2009-06-19 12:01:51,,132,165,
94,808690844995756032,"People of India must ask @narendraModi in Parliament do @demonetization is the only resort of curbing fake currency, terrorism &amp; black money",2016-12-13 15:11:36,0,0,Twitter Web Client,267527672,aditya_astro,adityaastroworld,2011-03-17 02:58:08,"My self having a deep rooted inclination towards the spiritual sciences become a self taught guide in Astrology, Numereology, Palmisry, Herbal, Vastu Therapies.",158,1092,India
95,808690831804825601,RT @ganeshravuri: Good to see #Dhruva holding pretty well despite d cash crunch.Power of contentüëçCud‚Äôve done way better if not for demoneti‚Ä¶,2016-12-13 15:11:33,141,0,Twitter for iPhone,139076153,Naveenkumar9,Naveen Kumar,2010-05-01 13:32:09,,99,114,Vijayawada
96,808690737936289792,"Demonetization: Naidu says PM Modi will be present in Parliament, slams MMS and Chidambaram",2016-12-13 15:11:11,0,0,IFTTT,448782501,AficionadoYash,Yash,2011-12-28 11:02:38,"Yep, that Digital Marketing guy ‚Ä¢ Freelancer ‚Ä¢ Content Creator ‚Ä¢ Cricket Aficionado ‚Ä¢ Sports Enthusiast ‚Ä¢ Observer ‚Ä¢ Thinker ‚Ä¢ Seeker ‚Ä¢ Multitasker ‚Ä¢ Foodie",2475,989,India
97,808690691069083648,RT @BollywoodQnA: #DANGALCountdownBegins Despite this  demonetization the most awaited Dangal's opening day collection would be __Cr?,2016-12-13 15:11:00,15,0,Twitter for Android,738468418484113410,shubham818182,Shubham mishra,2016-06-02 20:32:46,"Big fan of Aamir Khan ,& Hrithik , Raina",42,101,"Varanasi, India"
98,808690588786851841,"‡§ú‡•ã ‡§Æ‡§ï‡§º‡§∏‡§¶ ‡§•‡§æ, ‡§µ‡§π ‡§µ‡§ø‡§´‡§≤ ‡§π‡•ã ‡§ö‡•Å‡§ï‡§æ‡•§ ‡§â‡§≤‡§ü‡•á ‡§®‡§è ‡§®‡•ã‡§ü‡•ã‡§Ç ‡§ï‡•Ä ‡§ï‡§æ‡§≤‡§æ‡§¨‡§æ‡§ú‡§º‡§æ‡§∞‡•Ä ‡§∂‡•Å‡§∞‡•Ç ‡§π‡•ã ‡§ö‡•Å‡§ï‡•Ä ‡§π‡•à ‚Äî omthanvi 
#‡§®‡•ã‡§ü‡§¨‡§Ç‡§¶‡•Ä 
ArvindKejriwal 
https://t.co/DEaBYiG4NZ",2016-12-13 15:10:35,0,0,IFTTT,1309573123,KamranShahid_,Kamran Shahid,2013-03-28 05:57:11,Automobile Engineer | Love Cars | Politics interests me | Citizen Activist | Bangalorean | Kannadiga at heart | Indian | Tweets are personal,690,369,"Karnataka, India"
99,808690535829540864,RT @ganeshravuri: Good to see #Dhruva holding pretty well despite d cash crunch.Power of contentüëçCud‚Äôve done way better if not for demoneti‚Ä¶,2016-12-13 15:10:23,141,0,Twitter for Android,219669932,Chanti616,CK,2010-11-25 14:44:16,All about POWERSTAR PawanKalyan,258,168,
